/*
SQLyog Ultimate v12.08 (64 bit)
MySQL - 5.7.30-log : Database - zy-company
*********************************************************************
*/

/*!40101 SET NAMES utf8 */;

/*!40101 SET SQL_MODE=''*/;

/*!40014 SET @OLD_UNIQUE_CHECKS=@@UNIQUE_CHECKS, UNIQUE_CHECKS=0 */;
/*!40101 SET @OLD_SQL_MODE=@@SQL_MODE, SQL_MODE='NO_AUTO_VALUE_ON_ZERO' */;
/*!40111 SET @OLD_SQL_NOTES=@@SQL_NOTES, SQL_NOTES=0 */;
/*Table structure for table `members` */

CREATE TABLE `members` (
  `id` int(11) NOT NULL AUTO_INCREMENT,
  `name` varchar(10) NOT NULL,
  `age` int(11) NOT NULL,
  `image` varchar(36) NOT NULL,
  `work` varchar(50) NOT NULL,
  PRIMARY KEY (`id`)
) ENGINE=InnoDB AUTO_INCREMENT=26 DEFAULT CHARSET=utf8;

/*Data for the table `members` */

insert  into `members`(`id`,`name`,`age`,`image`,`work`) values (10,'宁洋',19,'/img/member/1508650810443.jpg','Java Web工程师');
insert  into `members`(`id`,`name`,`age`,`image`,`work`) values (11,'张三',22,'/img/member/1508651008052.jpg','PHP开发工程师');
insert  into `members`(`id`,`name`,`age`,`image`,`work`) values (12,'王老五',25,'/img/member/1508651034302.jpg','前台设计师');
insert  into `members`(`id`,`name`,`age`,`image`,`work`) values (13,'李老八',20,'/img/member/1508651054787.jpg','架构师');
insert  into `members`(`id`,`name`,`age`,`image`,`work`) values (14,'铁拐李',29,'/img/member/1508651104865.jpg','Java Web工程师');
insert  into `members`(`id`,`name`,`age`,`image`,`work`) values (15,'张大美',22,'/img/member/1508651169224.jpg','前台工程师');
insert  into `members`(`id`,`name`,`age`,`image`,`work`) values (25,'李四aa',18,'/img/work/1595205397000.jpg','Java 架构师');

/*Table structure for table `news` */

CREATE TABLE `news` (
  `id` int(11) NOT NULL AUTO_INCREMENT,
  `name` varchar(36) NOT NULL,
  `value` text NOT NULL,
  `date` date NOT NULL,
  `users_id` int(11) NOT NULL,
  PRIMARY KEY (`id`),
  KEY `cc_news_new_member` (`users_id`),
  CONSTRAINT `cc_news_new_member` FOREIGN KEY (`users_id`) REFERENCES `users` (`id`)
) ENGINE=InnoDB AUTO_INCREMENT=65 DEFAULT CHARSET=utf8;

/*Data for the table `news` */

insert  into `news`(`id`,`name`,`value`,`date`,`users_id`) values (45,'关于第19大人民代表大会召开问题，特批此通知','<p>请添加你的新闻内容</p>','2017-10-22',1);
insert  into `news`(`id`,`name`,`value`,`date`,`users_id`) values (47,'通过一周的努力，终于在开发上取得了研究成果','<p>请添加你的新闻内容</p>','2017-10-22',1);
insert  into `news`(`id`,`name`,`value`,`date`,`users_id`) values (49,'时代网络团队所有人祝各位节日快乐','<table><tbody><tr style=\";height:30px\" class=\"firstRow\"><td width=\"101\" style=\"border-color: windowtext; border-width: 1px; padding: 0px 7px;\"><p style=\"text-align:center\"><strong><span style=\"font-family:黑体\">案卷号</span></strong></p></td><td width=\"121\" style=\"border-top-color: windowtext; border-right-color: windowtext; border-bottom-color: windowtext; border-top-width: 1px; border-right-width: 1px; border-bottom-width: 1px; border-left-style: none; padding: 0px 7px;\"><br/></td></tr><tr style=\";height:31px\"><td width=\"101\" style=\"border-right-color: windowtext; border-bottom-color: windowtext; border-left-color: windowtext; border-right-width: 1px; border-bottom-width: 1px; border-left-width: 1px; border-top-style: none; padding: 0px 7px;\"><p style=\"text-align:center\"><strong><span style=\"font-family:宋体\">日期</span></strong></p></td><td width=\"121\" style=\"border-top-style: none; border-left-style: none; border-bottom-color: windowtext; border-bottom-width: 1px; border-right-color: windowtext; border-right-width: 1px; padding: 0px 7px;\"><br/></td></tr></tbody></table><p style=\"line-height: 150%\"><strong><span style=\"font-size:13px;line-height:150%;font-family:&#39;Arial&#39;,&#39;sans-serif&#39;\">&nbsp;</span></strong></p><p style=\"line-height: 150%\"><strong><span style=\"font-size:13px;line-height:150%;font-family:&#39;Arial&#39;,&#39;sans-serif&#39;\">&nbsp;</span></strong></p><p style=\"line-height: 150%\"><strong><span style=\"font-size:13px;line-height:150%;font-family:&#39;Arial&#39;,&#39;sans-serif&#39;\">&nbsp;</span></strong></p><p style=\"line-height: 150%\"><strong><span style=\"font-size:13px;line-height:150%;font-family:&#39;Arial&#39;,&#39;sans-serif&#39;\">&nbsp;</span></strong></p><p style=\"text-align:center;line-height:150%\"><span style=\"font-size:32px;line-height:150%;font-family:黑体\">＜ERP</span><span style=\"font-size:29px;line-height:150%;font-family:黑体\">-</span><span style=\"font-size:29px;line-height:150%;font-family:黑体\">库存管理系统</span><span style=\"font-size:32px;line-height:150%;font-family:黑体\">＞</span></p><p style=\"text-align:center;line-height:150%\"><strong><span style=\"font-size:35px;line-height:150%;font-family: 黑体\">软件需求说明书</span></strong></p><p style=\"line-height: 150%\"><strong><span style=\"font-size:13px;line-height:150%;font-family:&#39;Arial&#39;,&#39;sans-serif&#39;\">&nbsp;</span></strong></p><p style=\"line-height: 150%\"><strong><span style=\"font-size:13px;line-height:150%;font-family:&#39;Arial&#39;,&#39;sans-serif&#39;\">&nbsp;</span></strong></p><p style=\"line-height:150%\"><span style=\"font-size: 16px;line-height:150%\">&nbsp;&nbsp;&nbsp;&nbsp;&nbsp;&nbsp;&nbsp;&nbsp;&nbsp; </span><span style=\"font-size:16px;line-height:150%;font-family:宋体\">作</span><span style=\"font-size:16px;line-height:150%\">&nbsp;&nbsp;&nbsp; </span><span style=\"font-size:16px;line-height:150%;font-family:宋体\">者：</span><span style=\"text-decoration:underline;\"><span style=\"font-size:16px;line-height:150%\"> &nbsp;&nbsp;&nbsp;&nbsp;&nbsp;&nbsp;&nbsp;&nbsp;johson&nbsp; &nbsp;&nbsp;&nbsp;&nbsp;&nbsp;&nbsp;&nbsp;&nbsp;&nbsp;&nbsp;&nbsp;&nbsp;&nbsp;&nbsp;&nbsp;&nbsp;&nbsp;&nbsp;&nbsp;&nbsp;&nbsp;&nbsp;</span></span></p><p style=\"line-height:150%\"><span style=\"font-size: 16px;line-height:150%\">&nbsp;&nbsp;&nbsp;&nbsp;&nbsp;&nbsp;&nbsp;&nbsp;&nbsp; </span><span style=\"font-size:16px;line-height:150%;font-family:宋体\">完成日期：</span><span style=\"text-decoration:underline;\"><span style=\"font-size:16px;line-height:150%\">&nbsp;&nbsp;&nbsp;&nbsp;&nbsp;&nbsp;&nbsp;&nbsp;&nbsp; &nbsp;&nbsp;&nbsp;&nbsp;&nbsp;&nbsp;&nbsp;&nbsp;&nbsp;&nbsp;&nbsp;&nbsp;&nbsp;&nbsp;&nbsp;&nbsp;&nbsp;&nbsp;&nbsp;&nbsp;&nbsp;&nbsp;&nbsp;&nbsp;&nbsp;&nbsp;&nbsp;&nbsp;</span></span></p><p style=\"line-height:150%\"><span style=\"font-size: 16px;line-height:150%\">&nbsp;&nbsp;&nbsp;&nbsp;&nbsp;&nbsp;&nbsp;&nbsp;&nbsp; </span><span style=\"font-size:16px;line-height:150%;font-family:宋体\">签</span> <span style=\"font-size:16px;line-height:150%;font-family: 宋体\">收</span> <span style=\"font-size:16px;line-height:150%;font-family: 宋体\">人：</span><span style=\"text-decoration:underline;\"><span style=\"font-size:16px;line-height:150%\">&nbsp;&nbsp;&nbsp;&nbsp;&nbsp;&nbsp;&nbsp;&nbsp;&nbsp;&nbsp;&nbsp;&nbsp;&nbsp; &nbsp;&nbsp;&nbsp;&nbsp;&nbsp;&nbsp;&nbsp;&nbsp;&nbsp;&nbsp;&nbsp;&nbsp;&nbsp;&nbsp;&nbsp;&nbsp;&nbsp;&nbsp;&nbsp;&nbsp;&nbsp;&nbsp;&nbsp;&nbsp;</span></span></p><p style=\"line-height:150%\"><span style=\"font-size: 16px;line-height:150%\">&nbsp;&nbsp;&nbsp;&nbsp;&nbsp;&nbsp;&nbsp;&nbsp;&nbsp; </span><span style=\"font-size:16px;line-height:150%;font-family:宋体\">签收日期：</span><span style=\"text-decoration:underline;\"><span style=\"font-size:16px;line-height:150%\">&nbsp;&nbsp;&nbsp;&nbsp;&nbsp;&nbsp;&nbsp;&nbsp;&nbsp;&nbsp; &nbsp;&nbsp;&nbsp;&nbsp;&nbsp;&nbsp;&nbsp;&nbsp;&nbsp;&nbsp;&nbsp;&nbsp;&nbsp;&nbsp;&nbsp;&nbsp;&nbsp;&nbsp;&nbsp;&nbsp;&nbsp;&nbsp;&nbsp;&nbsp;&nbsp;&nbsp;&nbsp;</span></span></p><p style=\"line-height:150%\"><span style=\"text-decoration:underline;\"><span style=\"font-size:16px;line-height:150%\">&nbsp;</span></span></p><p style=\"line-height: 150%; text-align: center;\"><span style=\"font-size: 16px;line-height:150%\">&nbsp;&nbsp;&nbsp;&nbsp;&nbsp;&nbsp;&nbsp;&nbsp;&nbsp; </span><span style=\"font-size:16px;line-height:150%;font-family:宋体\">修改情况记录：</span></p><table><tbody><tr style=\";page-break-inside:avoid\" class=\"firstRow\"><td width=\"63\" valign=\"top\" style=\"border-color: windowtext; border-width: 1px; padding: 0px 7px;\"><p style=\"text-align: center; line-height: 150%;\"><span style=\"font-size:16px;line-height:150%;font-family:宋体\">版本号</span></p></td><td width=\"108\" valign=\"top\" style=\"border-top-color: windowtext; border-right-color: windowtext; border-bottom-color: windowtext; border-top-width: 1px; border-right-width: 1px; border-bottom-width: 1px; border-left-style: none; padding: 0px 7px;\"><p style=\"text-align: center; line-height: 150%;\"><span style=\"font-size:16px;line-height:150%;font-family:宋体\">修改批准人</span></p></td><td width=\"72\" valign=\"top\" style=\"border-top-color: windowtext; border-right-color: windowtext; border-bottom-color: windowtext; border-top-width: 1px; border-right-width: 1px; border-bottom-width: 1px; border-left-style: none; padding: 0px 7px;\"><p style=\"text-align: center; line-height: 150%;\"><span style=\"font-size:16px;line-height:150%;font-family:宋体\">修改人</span></p></td><td width=\"84\" valign=\"top\" style=\"border-top-color: windowtext; border-right-color: windowtext; border-bottom-color: windowtext; border-top-width: 1px; border-right-width: 1px; border-bottom-width: 1px; border-left-style: none; padding: 0px 7px;\"><p style=\"text-align: center; line-height: 150%;\"><span style=\"font-size:16px;line-height:150%;font-family:宋体\">安装日期</span></p></td><td width=\"71\" valign=\"top\" style=\"border-top-color: windowtext; border-right-color: windowtext; border-bottom-color: windowtext; border-top-width: 1px; border-right-width: 1px; border-bottom-width: 1px; border-left-style: none; padding: 0px 7px;\"><p style=\"text-align: center; line-height: 150%;\"><span style=\"font-size:16px;line-height:150%;font-family:宋体\">签收人</span></p></td></tr><tr style=\";page-break-inside:avoid;height:27px\"><td width=\"63\" valign=\"top\" style=\"border-right-color: windowtext; border-bottom-color: windowtext; border-left-color: windowtext; border-right-width: 1px; border-bottom-width: 1px; border-left-width: 1px; border-top-style: none; padding: 0px 7px;\"><br/></td><td width=\"108\" valign=\"top\" style=\"border-top-style: none; border-left-style: none; border-bottom-color: windowtext; border-bottom-width: 1px; border-right-color: windowtext; border-right-width: 1px; padding: 0px 7px;\"><br/></td><td width=\"72\" valign=\"top\" style=\"border-top-style: none; border-left-style: none; border-bottom-color: windowtext; border-bottom-width: 1px; border-right-color: windowtext; border-right-width: 1px; padding: 0px 7px;\"><br/></td><td width=\"84\" valign=\"top\" style=\"border-top-style: none; border-left-style: none; border-bottom-color: windowtext; border-bottom-width: 1px; border-right-color: windowtext; border-right-width: 1px; padding: 0px 7px;\"><br/></td><td width=\"71\" valign=\"top\" style=\"border-top-style: none; border-left-style: none; border-bottom-color: windowtext; border-bottom-width: 1px; border-right-color: windowtext; border-right-width: 1px; padding: 0px 7px;\"><br/></td></tr><tr style=\";page-break-inside:avoid\"><td width=\"63\" valign=\"top\" style=\"border-right-color: windowtext; border-bottom-color: windowtext; border-left-color: windowtext; border-right-width: 1px; border-bottom-width: 1px; border-left-width: 1px; border-top-style: none; padding: 0px 7px;\"><br/></td><td width=\"108\" valign=\"top\" style=\"border-top-style: none; border-left-style: none; border-bottom-color: windowtext; border-bottom-width: 1px; border-right-color: windowtext; border-right-width: 1px; padding: 0px 7px;\"><br/></td><td width=\"72\" valign=\"top\" style=\"border-top-style: none; border-left-style: none; border-bottom-color: windowtext; border-bottom-width: 1px; border-right-color: windowtext; border-right-width: 1px; padding: 0px 7px;\"><br/></td><td width=\"84\" valign=\"top\" style=\"border-top-style: none; border-left-style: none; border-bottom-color: windowtext; border-bottom-width: 1px; border-right-color: windowtext; border-right-width: 1px; padding: 0px 7px;\"><br/></td><td width=\"71\" valign=\"top\" style=\"border-top-style: none; border-left-style: none; border-bottom-color: windowtext; border-bottom-width: 1px; border-right-color: windowtext; border-right-width: 1px; padding: 0px 7px;\"><br/></td></tr><tr style=\";page-break-inside:avoid\"><td width=\"63\" valign=\"top\" style=\"border-right-color: windowtext; border-bottom-color: windowtext; border-left-color: windowtext; border-right-width: 1px; border-bottom-width: 1px; border-left-width: 1px; border-top-style: none; padding: 0px 7px;\"><br/></td><td width=\"108\" valign=\"top\" style=\"border-top-style: none; border-left-style: none; border-bottom-color: windowtext; border-bottom-width: 1px; border-right-color: windowtext; border-right-width: 1px; padding: 0px 7px;\"><br/></td><td width=\"72\" valign=\"top\" style=\"border-top-style: none; border-left-style: none; border-bottom-color: windowtext; border-bottom-width: 1px; border-right-color: windowtext; border-right-width: 1px; padding: 0px 7px;\"><br/></td><td width=\"84\" valign=\"top\" style=\"border-top-style: none; border-left-style: none; border-bottom-color: windowtext; border-bottom-width: 1px; border-right-color: windowtext; border-right-width: 1px; padding: 0px 7px;\"><br/></td><td width=\"71\" valign=\"top\" style=\"border-top-style: none; border-left-style: none; border-bottom-color: windowtext; border-bottom-width: 1px; border-right-color: windowtext; border-right-width: 1px; padding: 0px 7px;\"><br/></td></tr></tbody></table><p style=\"line-height: 27px; text-align: center;\"><strong><span style=\"text-decoration:underline;\"><span style=\"font-size:20px;font-family:黑体\">&nbsp;</span></span></strong></p><p><strong><span style=\"font-size:21px;font-family:&#39;Times New Roman&#39;,&#39;serif&#39;\"><br/> </span></strong> </p><p style=\"text-align:center;text-indent:0\"><strong><span style=\"font-size:21px;font-family:幼圆\">目录</span></strong><strong><span style=\"font-size:21px\">&nbsp; </span></strong></p><p>1 <span style=\"font-family:宋体\">引言</span>........................................................................................................................ 1</p><p>1.1 <span style=\"font-family:宋体\">编写目的</span>................................................................................................................................................... 1</p><p>1.2 <span style=\"font-family:宋体\">范围</span>........................................................................................................................................................... 1</p><p>1.3 <span style=\"font-family:宋体\">定义</span>.................................................................................................................... <strong><span style=\"font-family:宋体\">错误！未定义书签。</span></strong></p><p>1.4 <span style=\"font-family:宋体\">参考资料</span>................................................................................................................................................... 1</p><p>2 <span style=\"font-family:宋体\">项目概述</span>................................................................................................................ 1</p><p>2.1 <span style=\"font-family:宋体\">产品描述</span>................................................................................................................................................... 1</p><p>2.2 <span style=\"font-family:宋体\">产品功能</span>................................................................................................................................................... 2</p><p>2.3 <span style=\"font-family:宋体\">用户特点</span>................................................................................................................................................... 2</p><p>2.4 <span style=\"font-family:宋体\">一般约束</span>................................................................................................................................................... 2</p><p>2.5 <span style=\"font-family:宋体\">假设和依据</span>.............................................................................................................................................. 2</p><p>3 <span style=\"font-family:宋体\">具体需求</span>................................................................................................................ 1</p><p>3.1 <span style=\"font-family:宋体\">功能需求</span>................................................................................................................................................... 2</p><p>3.1.1 <span style=\"font-family:宋体\">登录模块</span></p><p>3.1.2 <span style=\"font-family:宋体\">权限管理模块</span></p><p>3.1.3 <span style=\"font-family:宋体\">部门管理模块</span></p><p>3.1.4<span style=\"font-family:宋体\">基础数据模块</span></p><p>3.1.5<span style=\"font-family:宋体\">库存管理模块</span></p><p>3.1.6 <span style=\"font-family:宋体\">报表模块</span></p><p>3.2 <span style=\"font-family:宋体\">外部接口需求</span>........................................................................................................................................ 25</p><p>3.2.1 <span style=\"font-family:宋体\">用户接口</span>........................................................................................................................................ 25</p><p>3.2.2 <span style=\"font-family:宋体\">硬件接口</span>........................................................................................................................................ 25</p><p>3.2.3 <span style=\"font-family:宋体\">软件接口</span>........................................................................................................................................ 25</p><p>3.2.4 <span style=\"font-family:宋体\">通信接口</span>........................................................................................................................................ 26</p><p>3.3 <span style=\"font-family:宋体\">性能需求</span>................................................................................................................................................ 26</p><p>3.4 <span style=\"font-family:宋体\">设计约束</span>................................................................................................................................................ 26</p><p>3.4.1 <span style=\"font-family:宋体\">其他标准的约束</span>........................................................................................................................... 26</p><p>3.4.2 <span style=\"font-family:宋体\">硬件的限制</span>.................................................................................................................................... 26</p><p>3.5 <span style=\"font-family:宋体\">属性</span>......................................................................................................................................................... 26</p><p>3.5.1 <span style=\"font-family:宋体\">可用性</span>............................................................................................................................................. 27</p><p>3.5.2 <span style=\"font-family:宋体\">安全性</span>............................................................................................................................................. 27</p><p>3.5.3 <span style=\"font-family:宋体\">可维护性</span>........................................................................................................................................ 27</p><p>3.5.4 <span style=\"font-family:宋体\">可转移</span> <span style=\"font-family:宋体\">＼转换性</span>......................................................................................................................... 27</p><p>3.5.5 <span style=\"font-family:宋体\">警告</span>................................................................................................................................................. 27</p><p>3.6 <span style=\"font-family:宋体\">其他需求</span>................................................................................................................................................ 26</p><p>3.6.1 <span style=\"font-family:宋体\">数据库</span>............................................................................................................................................. 28</p><p>3.6.2 <span style=\"font-family:宋体\">操作</span>................................................................................................................................................. 28</p><p>3.6.3 <span style=\"font-family:宋体\">场合适应性需求</span>...................................................................................... <strong><span style=\"font-family:宋体\">错误！未定义书签。</span></strong></p><p>4 <span style=\"font-family:宋体\">附录</span>...................................................................................................................... 28</p><p style=\"text-indent:0\">&nbsp;</p><p style=\"text-align:center;text-indent:0\"><strong><span style=\"font-size:21px\">&nbsp;</span></strong></p><p><strong><span style=\"font-size:21px;font-family:&#39;Times New Roman&#39;,&#39;serif&#39;\"><br/> </span></strong> </p><h2><a></a><a></a><a></a><a>1 </a><span style=\"font-family:黑体\">引言</span></h2><h3><a></a><a>1.1 </a><span style=\"font-family:宋体\">编写目的</span></h3><p style=\"text-indent:29px;line-height:150%\"><span style=\"font-family:宋体\">根据</span>BFSOFT<span style=\"font-family:宋体\">应用开发项目的有关规定，特编写此报告。本报告将作为项目立项和开发的重要依据。本文档详细介绍了该系统建设的背景和意义，并对业务目标、范围、功能、数据等进行了较为详尽的说明。</span></p><p style=\"margin-top:auto;margin-bottom:auto;text-indent:28px\"><span style=\";font-family:宋体\">预期的读者是参与“进销存管理系统”项目需求分析的专家，其他与项目有关的高级管理人员，项目组成员、开发人员。</span></p><p style=\"text-indent:29px;line-height:150%\">&nbsp;</p><p style=\"text-indent:29px;line-height:150%\">&nbsp;</p><h3><a></a><a>1.2 </a><span style=\"font-family:宋体\">范围</span> </h3><p>BF.ERP-<span style=\"font-family:宋体\">库存管理，涉及到的是后台的管理操作，进出库的管理，以及基本信息的维护等；</span></p><h3><a>1.3 </a><span style=\"font-family:宋体\">参考资料</span></h3><p><span style=\"font-family:宋体\">１．《软件需求说明书编写规范》，国家标准</span>-<span style=\"font-family:宋体\">软件开发规范</span></p><p><span style=\"font-family:宋体\">２．《ＵＭＬ用户指南》，</span><span style=\"font-size: 12px;font-family: 宋体\">人民邮电出版社，</span><span style=\"font-size: 12px;font-family: Arial, sans-serif\">2006 </span><span style=\"font-size: 12px;font-family: 宋体\">年</span><span style=\"font-size: 12px;font-family: Arial, sans-serif\">6</span><span style=\"font-size: 12px;font-family: 宋体\">月，</span><span style=\"font-family: 宋体\">7115148333</span></p><p><span style=\"font-family:宋体\">３．《编写有效用例》，</span><span style=\"font-size: 12px;font-family: 宋体\">机械工业出版社，</span><span style=\"font-size: 12px;font-family: Arial, sans-serif\">2002 </span><span style=\"font-size: 12px;font-family: 宋体\">年</span><span style=\"font-size: 12px;font-family: Arial, sans-serif\">7</span><span style=\"font-size: 12px;font-family: 宋体\">月，</span><span style=\"font-family: 宋体\">7111105370</span></p><p><span style=\"font-family: 宋体\">4.&nbsp; </span><span style=\"font-family: 宋体\">内部资料：《JAVA编程规范》、《数据库设计规范》、《系统设计规范》</span></p><h2><a></a><a>2 </a><span style=\"font-family: 黑体\">项目概述</span></h2><h3><a>2.1 </a><span style=\"font-family:宋体\">产品描述</span></h3><p><span style=\"font-family:宋体\">对于目前市场上各种物品库存管理系统，它们</span>………………<span style=\"font-family:宋体\">略</span></p><h3><a>2.2 </a><span style=\"font-family:宋体\">产品功能</span></h3><p><span style=\"font-family:宋体\">具有六大功能模块，具体见下面功能需求</span></p><h3><a>2.3 </a><span style=\"font-family:宋体\">用户特点</span></h3><p style=\"text-indent:28px;line-height:150%\"><span style=\"font-family:宋体\">本系统界面友好</span>[<span style=\"font-family:宋体\">请参见界面设计</span>PPT]<span style=\"font-family:宋体\">，文中如没有特殊说明的，使用本系统的用户具有初级或中级以上的计算机水平即可。</span></p><p>&nbsp;</p><h3><a>2.4 </a><span style=\"font-family:宋体\">一般约束</span></h3><p style=\"margin-left:28px;text-indent:28px;line-height:150%\"><a><span style=\"font-family:宋体\">本系统在前期可行性研究的基础上，采用</span>JAVA</a><span style=\"font-family:宋体\">为主要编程语言；通信协议采用</span>TCP/IP<span style=\"font-family:宋体\">，</span>HTTP<span style=\"font-family:宋体\">等协议；在开发的过程中假设所有的硬件设施均满足用户的需求；作为库存管理系统，在系统的安全方面要求比较高，在系统的开发中要有相应的安全措施，以免造成不必要的数据丢失。本系统作为供销存系统</span> <span style=\"font-family:宋体\">一个重要环节，在数据的共享方面会考虑与其余系统的兼容。</span></p><h3>2.5 <span style=\"font-family:宋体\">假设和依据</span></h3><p style=\"text-indent:28px;line-height:150%\"><span style=\"font-family:宋体\">在没有特殊说明的情况下，我们假设系统所要求的软硬件将都得到满足。</span></p><h2>3 <span style=\"font-family:黑体\">具体需求</span></h2><h3><a></a><a>3.1 </a><span style=\"font-family:宋体\">功能需求</span></h3><p><span style=\"font-family:宋体\">实例功能图：见附录</span></p><h4><span style=\";line-height:156%\">3.1.1</span><span style=\";line-height:156%;font-family:黑体\">登录</span><span style=\"font-family:黑体\">模块</span></h4><h5>3.1.1.1<span style=\"font-family:宋体\">用户</span><span style=\"font-size:14px;line-height:156%;font-family:宋体\">登录</span></h5><p style=\"line-height:150%\">3.1.1.1<span style=\"font-family:宋体\">用户登录界面</span>,<span style=\"font-family:宋体\">用户信息由管理员统一录入，不具有注册功能：</span><span style=\"font-family:黑体\">图表</span></p><table><tbody><tr class=\"firstRow\"><td width=\"125\" valign=\"top\" style=\"border-top-style: double; border-width: 6px 1px 1px 6px; border-left-style: double; border-color: windowtext; padding: 0px 7px;\"><p><strong>用例ID</strong></p></td><td width=\"134\" valign=\"top\" style=\"border-top-style: double; border-top-color: windowtext; border-top-width: 6px; border-left-style: none; border-bottom-color: windowtext; border-bottom-width: 1px; border-right-color: windowtext; border-right-width: 1px; padding: 0px 7px;\"><p>UC-YHDL-1</p></td><td width=\"125\" valign=\"top\" style=\"border-top-style: double; border-top-color: windowtext; border-top-width: 6px; border-left-style: none; border-bottom-color: windowtext; border-bottom-width: 1px; border-right-color: windowtext; border-right-width: 1px; padding: 0px 7px;\"><p><strong>用户名</strong></p></td><td width=\"185\" valign=\"top\" style=\"border-top-style: double; border-top-color: windowtext; border-top-width: 6px; border-left-style: none; border-bottom-color: windowtext; border-bottom-width: 1px; border-right-style: double; border-right-color: windowtext; border-right-width: 6px; padding: 0px 7px;\"><p>用户登录</p></td></tr><tr><td width=\"125\" valign=\"top\" style=\"border-top-style: none; border-left-style: double; border-left-color: windowtext; border-left-width: 6px; border-bottom-color: windowtext; border-bottom-width: 1px; border-right-color: windowtext; border-right-width: 1px; padding: 0px 7px;\"><p><strong>创建者</strong></p></td><td width=\"134\" valign=\"top\" style=\"border-top-style: none; border-left-style: none; border-bottom-color: windowtext; border-bottom-width: 1px; border-right-color: windowtext; border-right-width: 1px; padding: 0px 7px;\"><p>朱工</p></td><td width=\"125\" valign=\"top\" style=\"border-top-style: none; border-left-style: none; border-bottom-color: windowtext; border-bottom-width: 1px; border-right-color: windowtext; border-right-width: 1px; padding: 0px 7px;\"><p><strong>创建日期</strong></p></td><td width=\"185\" valign=\"top\" style=\"border-top-style: none; border-left-style: none; border-bottom-color: windowtext; border-bottom-width: 1px; border-right-style: double; border-right-color: windowtext; border-right-width: 6px; padding: 0px 7px;\"><p>2010-08-16</p></td></tr><tr><td width=\"125\" valign=\"top\" style=\"border-top-style: none; border-left-style: double; border-left-color: windowtext; border-left-width: 6px; border-bottom-color: windowtext; border-bottom-width: 1px; border-right-color: windowtext; border-right-width: 1px; padding: 0px 7px;\"><p><strong>最后更新者</strong></p></td><td width=\"134\" valign=\"top\" style=\"border-top-style: none; border-left-style: none; border-bottom-color: windowtext; border-bottom-width: 1px; border-right-color: windowtext; border-right-width: 1px; padding: 0px 7px;\"><p>朱工</p></td><td width=\"125\" valign=\"top\" style=\"border-top-style: none; border-left-style: none; border-bottom-color: windowtext; border-bottom-width: 1px; border-right-color: windowtext; border-right-width: 1px; padding: 0px 7px;\"><p><strong>最后更新期</strong></p></td><td width=\"185\" valign=\"top\" style=\"border-top-style: none; border-left-style: none; border-bottom-color: windowtext; border-bottom-width: 1px; border-right-style: double; border-right-color: windowtext; border-right-width: 6px; padding: 0px 7px;\"><p>2010-08-16</p></td></tr><tr><td width=\"125\" valign=\"top\" style=\"border-top-style: none; border-left-style: double; border-left-color: windowtext; border-left-width: 6px; border-bottom-color: windowtext; border-bottom-width: 1px; border-right-color: windowtext; border-right-width: 1px; padding: 0px 7px;\"><p><strong>主执行者</strong></p></td><td width=\"443\" colspan=\"3\" valign=\"top\" style=\"border-top-style: none; border-left-style: none; border-bottom-color: windowtext; border-bottom-width: 1px; border-right-style: double; border-right-color: windowtext; border-right-width: 6px; padding: 0px 7px;\"><p>系统管理员，信息维护员，操作员</p></td></tr><tr><td width=\"125\" valign=\"top\" style=\"border-top-style: none; border-left-style: double; border-left-color: windowtext; border-left-width: 6px; border-bottom-color: windowtext; border-bottom-width: 1px; border-right-color: windowtext; border-right-width: 1px; padding: 0px 7px;\"><p><strong>功能描述</strong></p></td><td width=\"443\" colspan=\"3\" valign=\"top\" style=\"border-top-style: none; border-left-style: none; border-bottom-color: windowtext; border-bottom-width: 1px; border-right-style: double; border-right-color: windowtext; border-right-width: 6px; padding: 0px 7px;\"><p>用户登录</p></td></tr><tr><td width=\"125\" valign=\"top\" style=\"border-top-style: none; border-left-style: double; border-left-color: windowtext; border-left-width: 6px; border-bottom-color: windowtext; border-bottom-width: 1px; border-right-color: windowtext; border-right-width: 1px; padding: 0px 7px;\"><p><strong>前置条件</strong></p></td><td width=\"443\" colspan=\"3\" valign=\"top\" style=\"border-top-style: none; border-left-style: none; border-bottom-color: windowtext; border-bottom-width: 1px; border-right-style: double; border-right-color: windowtext; border-right-width: 6px; padding: 0px 7px;\"><p>进入欢迎界面/登录界面</p></td></tr><tr><td width=\"125\" valign=\"top\" style=\"border-top-style: none; border-left-style: double; border-left-color: windowtext; border-left-width: 6px; border-bottom-color: windowtext; border-bottom-width: 1px; border-right-color: windowtext; border-right-width: 1px; padding: 0px 7px;\"><p><strong>主成功场景</strong></p></td><td width=\"443\" colspan=\"3\" valign=\"top\" style=\"border-top-style: none; border-left-style: none; border-bottom-color: windowtext; border-bottom-width: 1px; border-right-style: double; border-right-color: windowtext; border-right-width: 6px; padding: 0px 7px;\"><p>1．进入欢迎界面/登录界面</p><p>2. 用户输入用户名和密码，点击登录；</p><p>3．系统对用户输入的数据进行验证，如果验证成功，那么进入主操作界面，如果登录失败，那么返跳转到错误提示界面，并提供链接供用户重新登录</p><p>4.用户继续操作</p></td></tr><tr><td width=\"125\" valign=\"top\" style=\"border-top-style: none; border-left-style: double; border-left-color: windowtext; border-left-width: 6px; border-bottom-color: windowtext; border-bottom-width: 1px; border-right-color: windowtext; border-right-width: 1px; padding: 0px 7px;\"><p><strong>扩展</strong></p></td><td width=\"443\" colspan=\"3\" valign=\"top\" style=\"border-top-style: none; border-left-style: none; border-bottom-color: windowtext; border-bottom-width: 1px; border-right-style: double; border-right-color: windowtext; border-right-width: 6px; padding: 0px 7px;\"><br/></td></tr><tr><td width=\"125\" valign=\"top\" style=\"border-top-style: none; border-left-style: double; border-left-color: windowtext; border-left-width: 6px; border-bottom-color: windowtext; border-bottom-width: 1px; border-right-color: windowtext; border-right-width: 1px; padding: 0px 7px;\"><p><strong>包含</strong></p></td><td width=\"443\" colspan=\"3\" valign=\"top\" style=\"border-top-style: none; border-left-style: none; border-bottom-color: windowtext; border-bottom-width: 1px; border-right-style: double; border-right-color: windowtext; border-right-width: 6px; padding: 0px 7px;\"><br/></td></tr><tr><td width=\"125\" valign=\"top\" style=\"border-top-style: none; border-left-style: double; border-left-color: windowtext; border-left-width: 6px; border-bottom-color: windowtext; border-bottom-width: 1px; border-right-color: windowtext; border-right-width: 1px; padding: 0px 7px;\"><p><strong>业务规则</strong></p></td><td width=\"443\" colspan=\"3\" valign=\"top\" style=\"border-top-style: none; border-left-style: none; border-bottom-color: windowtext; border-bottom-width: 1px; border-right-style: double; border-right-color: windowtext; border-right-width: 6px; padding: 0px 7px;\"><p>用户等级：0 系统管理员&nbsp;&nbsp; 1信息维护员 &nbsp;&nbsp;2操作员&nbsp;</p></td></tr><tr><td width=\"125\" valign=\"top\" style=\"border-top-style: none; border-left-style: double; border-left-color: windowtext; border-left-width: 6px; border-bottom-color: windowtext; border-bottom-width: 1px; border-right-color: windowtext; border-right-width: 1px; padding: 0px 7px;\"><p><strong>特别需求</strong></p></td><td width=\"443\" colspan=\"3\" valign=\"top\" style=\"border-top-style: none; border-left-style: none; border-bottom-color: windowtext; border-bottom-width: 1px; border-right-style: double; border-right-color: windowtext; border-right-width: 6px; padding: 0px 7px;\"><p>界面简洁，美观</p></td></tr><tr><td width=\"125\" valign=\"top\" style=\"border-top-style: none; border-left-style: double; border-left-color: windowtext; border-left-width: 6px; border-bottom-color: windowtext; border-bottom-width: 1px; border-right-color: windowtext; border-right-width: 1px; padding: 0px 7px;\"><p><strong>补充说明</strong></p></td><td width=\"443\" colspan=\"3\" valign=\"top\" style=\"border-top-style: none; border-left-style: none; border-bottom-color: windowtext; border-bottom-width: 1px; border-right-style: double; border-right-color: windowtext; border-right-width: 6px; padding: 0px 7px;\"><p style=\"margin-left:0\">&nbsp; 登录界面：采用客户端校验用户输入是否为空，使用服务器端&nbsp;&nbsp;&nbsp;&nbsp; &nbsp;&nbsp;&nbsp;验证，是否匹配数据库中内容以判断用户是否登录成功；</p></td></tr><tr><td width=\"125\" valign=\"top\" style=\"border-top-style: none; border-left-style: double; border-left-color: windowtext; border-left-width: 6px; border-bottom-style: double; border-bottom-color: windowtext; border-bottom-width: 6px; border-right-color: windowtext; border-right-width: 1px; padding: 0px 7px;\"><p><strong>待解决问题</strong></p></td><td width=\"443\" colspan=\"3\" valign=\"top\" style=\"border-style: none double double none; border-bottom-color: windowtext; border-bottom-width: 6px; border-right-color: windowtext; border-right-width: 6px; padding: 0px 7px;\"><br/></td></tr></tbody></table><h4><span style=\";line-height:156%\">3.1.2</span> <span style=\";line-height:156%;font-family:黑体\">基础信息维护模块</span></h4><p>3.1.2.1用户管理</p><p>3.1.2.1.1增加用户</p><table><tbody><tr class=\"firstRow\"><td width=\"125\" valign=\"top\" style=\"border-top-style: double; border-width: 6px 1px 1px 6px; border-left-style: double; border-color: windowtext; padding: 0px 7px;\"><p><strong><span style=\"font-family:宋体\">用例</span>ID</strong></p></td><td width=\"134\" valign=\"top\" style=\"border-top-style: double; border-top-color: windowtext; border-top-width: 6px; border-left-style: none; border-bottom-color: windowtext; border-bottom-width: 1px; border-right-color: windowtext; border-right-width: 1px; padding: 0px 7px;\"><p>UC-YHGL-1-</p></td><td width=\"125\" valign=\"top\" style=\"border-top-style: double; border-top-color: windowtext; border-top-width: 6px; border-left-style: none; border-bottom-color: windowtext; border-bottom-width: 1px; border-right-color: windowtext; border-right-width: 1px; padding: 0px 7px;\"><p><strong><span style=\"font-family:宋体\">用户名</span></strong></p></td><td width=\"185\" valign=\"top\" style=\"border-top-style: double; border-top-color: windowtext; border-top-width: 6px; border-left-style: none; border-bottom-color: windowtext; border-bottom-width: 1px; border-right-style: double; border-right-color: windowtext; border-right-width: 6px; padding: 0px 7px;\"><p><span style=\"font-family:宋体\">增加用户</span></p></td></tr><tr><td width=\"125\" valign=\"top\" style=\"border-top-style: none; border-left-style: double; border-left-color: windowtext; border-left-width: 6px; border-bottom-color: windowtext; border-bottom-width: 1px; border-right-color: windowtext; border-right-width: 1px; padding: 0px 7px;\"><p><strong><span style=\"font-family:宋体\">创建者</span></strong></p></td><td width=\"134\" valign=\"top\" style=\"border-top-style: none; border-left-style: none; border-bottom-color: windowtext; border-bottom-width: 1px; border-right-color: windowtext; border-right-width: 1px; padding: 0px 7px;\"><p><span style=\"font-family:宋体\">印梦楠</span></p></td><td width=\"125\" valign=\"top\" style=\"border-top-style: none; border-left-style: none; border-bottom-color: windowtext; border-bottom-width: 1px; border-right-color: windowtext; border-right-width: 1px; padding: 0px 7px;\"><p><strong><span style=\"font-family:宋体\">创建日期</span></strong></p></td><td width=\"185\" valign=\"top\" style=\"border-top-style: none; border-left-style: none; border-bottom-color: windowtext; border-bottom-width: 1px; border-right-style: double; border-right-color: windowtext; border-right-width: 6px; padding: 0px 7px;\"><p>2017-10-11</p></td></tr><tr><td width=\"125\" valign=\"top\" style=\"border-top-style: none; border-left-style: double; border-left-color: windowtext; border-left-width: 6px; border-bottom-color: windowtext; border-bottom-width: 1px; border-right-color: windowtext; border-right-width: 1px; padding: 0px 7px;\"><p><strong><span style=\"font-family:宋体\">最后更新者</span></strong></p></td><td width=\"134\" valign=\"top\" style=\"border-top-style: none; border-left-style: none; border-bottom-color: windowtext; border-bottom-width: 1px; border-right-color: windowtext; border-right-width: 1px; padding: 0px 7px;\"><p><span style=\"font-family:宋体\">印梦楠</span></p></td><td width=\"125\" valign=\"top\" style=\"border-top-style: none; border-left-style: none; border-bottom-color: windowtext; border-bottom-width: 1px; border-right-color: windowtext; border-right-width: 1px; padding: 0px 7px;\"><p><strong><span style=\"font-family:宋体\">最后更新期</span></strong></p></td><td width=\"185\" valign=\"top\" style=\"border-top-style: none; border-left-style: none; border-bottom-color: windowtext; border-bottom-width: 1px; border-right-style: double; border-right-color: windowtext; border-right-width: 6px; padding: 0px 7px;\"><p>2010-08-16</p></td></tr><tr><td width=\"568\" colspan=\"4\" valign=\"top\" style=\"border-top-style: none; border-left-style: double; border-left-color: windowtext; border-left-width: 6px; border-bottom-color: windowtext; border-bottom-width: 1px; border-right-style: double; border-right-color: windowtext; border-right-width: 6px; padding: 0px 7px;\"><p style=\"text-align:center\"><strong><span style=\"font-family:宋体\">用</span> </strong><strong><span style=\"font-family:宋体\">例</span> </strong><strong><span style=\"font-family:宋体\">体</span></strong></p><p style=\"text-align:center\"><img width=\"295\" height=\"127\" src=\"./ueditor/themes/default/images/spacer.gif\"/></p></td></tr><tr><td width=\"125\" valign=\"top\" style=\"border-top-style: none; border-left-style: double; border-left-color: windowtext; border-left-width: 6px; border-bottom-color: windowtext; border-bottom-width: 1px; border-right-color: windowtext; border-right-width: 1px; padding: 0px 7px;\"><p><strong><span style=\"font-family:宋体\">主执行者</span></strong></p></td><td width=\"443\" colspan=\"3\" valign=\"top\" style=\"border-top-style: none; border-left-style: none; border-bottom-color: windowtext; border-bottom-width: 1px; border-right-style: double; border-right-color: windowtext; border-right-width: 6px; padding: 0px 7px;\"><p><span style=\"font-family:宋体\">系统管理员</span> </p></td></tr><tr><td width=\"125\" valign=\"top\" style=\"border-top-style: none; border-left-style: double; border-left-color: windowtext; border-left-width: 6px; border-bottom-color: windowtext; border-bottom-width: 1px; border-right-color: windowtext; border-right-width: 1px; padding: 0px 7px;\"><p><strong><span style=\"font-family:宋体\">功能描述</span></strong></p></td><td width=\"443\" colspan=\"3\" valign=\"top\" style=\"border-top-style: none; border-left-style: none; border-bottom-color: windowtext; border-bottom-width: 1px; border-right-style: double; border-right-color: windowtext; border-right-width: 6px; padding: 0px 7px;\"><p><span style=\"font-family:宋体\">增加用户</span></p></td></tr><tr><td width=\"125\" valign=\"top\" style=\"border-top-style: none; border-left-style: double; border-left-color: windowtext; border-left-width: 6px; border-bottom-color: windowtext; border-bottom-width: 1px; border-right-color: windowtext; border-right-width: 1px; padding: 0px 7px;\"><p><strong><span style=\"font-family:宋体\">前置条件</span></strong></p></td><td width=\"443\" colspan=\"3\" valign=\"top\" style=\"border-top-style: none; border-left-style: none; border-bottom-color: windowtext; border-bottom-width: 1px; border-right-style: double; border-right-color: windowtext; border-right-width: 6px; padding: 0px 7px;\"><p><span style=\"font-family:宋体\">主执行者已登录系统</span></p></td></tr><tr><td width=\"125\" valign=\"top\" style=\"border-top-style: none; border-left-style: double; border-left-color: windowtext; border-left-width: 6px; border-bottom-color: windowtext; border-bottom-width: 1px; border-right-color: windowtext; border-right-width: 1px; padding: 0px 7px;\"><p><strong><span style=\"font-family:宋体\">主成功场景</span></strong></p></td><td width=\"443\" colspan=\"3\" valign=\"top\" style=\"border-top-style: none; border-left-style: none; border-bottom-color: windowtext; border-bottom-width: 1px; border-right-style: double; border-right-color: windowtext; border-right-width: 6px; padding: 0px 7px;\"><p>1<span style=\"font-family:宋体\">．进入增加用户主界面</span></p><p>2<span style=\"font-family:宋体\">．系统返回所有用户信息列表</span></p><p>3<span style=\"font-family:宋体\">．用户点击添加按钮</span></p><p>4<span style=\"font-family:宋体\">．系统进入添加用户主界面</span></p><p>5<span style=\"font-family:宋体\">．用户填写用户信息</span></p><p>6. <span style=\"font-family:宋体\">用户点击增加按钮提交用户信息</span></p><p>7<span style=\"font-family:宋体\">．系统刷新用户信息列表</span></p></td></tr><tr><td width=\"125\" valign=\"top\" style=\"border-top-style: none; border-left-style: double; border-left-color: windowtext; border-left-width: 6px; border-bottom-color: windowtext; border-bottom-width: 1px; border-right-color: windowtext; border-right-width: 1px; padding: 0px 7px;\"><p><strong><span style=\"font-family:宋体\">扩展</span></strong></p></td><td width=\"443\" colspan=\"3\" valign=\"top\" style=\"border-top-style: none; border-left-style: none; border-bottom-color: windowtext; border-bottom-width: 1px; border-right-style: double; border-right-color: windowtext; border-right-width: 6px; padding: 0px 7px;\"><br/></td></tr><tr><td width=\"125\" valign=\"top\" style=\"border-top-style: none; border-left-style: double; border-left-color: windowtext; border-left-width: 6px; border-bottom-color: windowtext; border-bottom-width: 1px; border-right-color: windowtext; border-right-width: 1px; padding: 0px 7px;\"><p><strong><span style=\"font-family:宋体\">包含</span></strong></p></td><td width=\"443\" colspan=\"3\" valign=\"top\" style=\"border-top-style: none; border-left-style: none; border-bottom-color: windowtext; border-bottom-width: 1px; border-right-style: double; border-right-color: windowtext; border-right-width: 6px; padding: 0px 7px;\"><br/></td></tr><tr><td width=\"125\" valign=\"top\" style=\"border-top-style: none; border-left-style: double; border-left-color: windowtext; border-left-width: 6px; border-bottom-color: windowtext; border-bottom-width: 1px; border-right-color: windowtext; border-right-width: 1px; padding: 0px 7px;\"><p><strong><span style=\"font-family:宋体\">业务规则</span></strong></p></td><td width=\"443\" colspan=\"3\" valign=\"top\" style=\"border-top-style: none; border-left-style: none; border-bottom-color: windowtext; border-bottom-width: 1px; border-right-style: double; border-right-color: windowtext; border-right-width: 6px; padding: 0px 7px;\"><p><span style=\"font-family:宋体\">用户等级：</span>0 <span style=\"font-family:宋体\">系统管理员（不允许增加）</span> &nbsp;1<span style=\"font-family:宋体\">信息维护者</span> 2&nbsp; <span style=\"font-family:宋体\">操作员</span></p></td></tr><tr><td width=\"125\" valign=\"top\" style=\"border-top-style: none; border-left-style: double; border-left-color: windowtext; border-left-width: 6px; border-bottom-color: windowtext; border-bottom-width: 1px; border-right-color: windowtext; border-right-width: 1px; padding: 0px 7px;\"><p><strong><span style=\"font-family:宋体\">特别需求</span></strong></p></td><td width=\"443\" colspan=\"3\" valign=\"top\" style=\"border-top-style: none; border-left-style: none; border-bottom-color: windowtext; border-bottom-width: 1px; border-right-style: double; border-right-color: windowtext; border-right-width: 6px; padding: 0px 7px;\"><br/></td></tr><tr><td width=\"125\" valign=\"top\" style=\"border-top-style: none; border-left-style: double; border-left-color: windowtext; border-left-width: 6px; border-bottom-color: windowtext; border-bottom-width: 1px; border-right-color: windowtext; border-right-width: 1px; padding: 0px 7px;\"><p><strong><span style=\"font-family:宋体\">补充说明</span></strong></p></td><td width=\"443\" colspan=\"3\" valign=\"top\" style=\"border-top-style: none; border-left-style: none; border-bottom-color: windowtext; border-bottom-width: 1px; border-right-style: double; border-right-color: windowtext; border-right-width: 6px; padding: 0px 7px;\"><p><span style=\"font-family:宋体\">填写用户资料时，用户</span>ID<span style=\"font-family:宋体\">由系统自动生成，用户工号不能重复，不能为空；</span></p><p><span style=\"font-family:宋体\">（用户表名：</span>tb_system_consumer &nbsp; <span style=\"font-family:宋体\">字段名开头</span>consumer_<span style=\"font-family:宋体\">）</span></p><p><span style=\"font-family:宋体\">用户资料包括：用户</span>ID(<span style=\"font-family:宋体\">整型</span>),<span style=\"font-family:   宋体\">用户工号</span>(<span style=\"font-family:宋体\">字符型</span>)<span style=\"font-family:宋体\">、用户名</span>(<span style=\"font-family:宋体\">字符型，不为空</span>)<span style=\"font-family:宋体\">、密码</span>(<span style=\"font-family:   宋体\">字符型，不为空</span>)<span style=\"font-family:宋体\">，联系电话</span>(<span style=\"font-family:宋体\">字符型，不为空</span>)<span style=\"font-family:宋体\">、、邮件（字符型，不为空）</span>&nbsp; <span style=\"font-family:宋体\">地址</span>(<span style=\"font-family:宋体\">字符型，不为空</span>)<span style=\"font-family:宋体\">、部门</span>(<span style=\"font-family:   宋体\">整型，不为空</span>)<span style=\"font-family:宋体\">，角色</span>(<span style=\"font-family:宋体\">整型，不为空</span>)<span style=\"font-family:宋体\">，用户状态（整型，不为空）。</span></p></td></tr><tr><td width=\"125\" valign=\"top\" style=\"border-top-style: none; border-left-style: double; border-left-color: windowtext; border-left-width: 6px; border-bottom-style: double; border-bottom-color: windowtext; border-bottom-width: 6px; border-right-color: windowtext; border-right-width: 1px; padding: 0px 7px;\"><p><strong><span style=\"font-family:宋体\">待解决问题</span></strong></p></td><td width=\"443\" colspan=\"3\" valign=\"top\" style=\"border-style: none double double none; border-bottom-color: windowtext; border-bottom-width: 6px; border-right-color: windowtext; border-right-width: 6px; padding: 0px 7px;\"><br/></td></tr></tbody></table><p><br/></p><p><br/></p>','2017-10-22',1);
insert  into `news`(`id`,`name`,`value`,`date`,`users_id`) values (52,'重庆万州洪水过后 武警官兵继续奋战清淤一线','<div class=\"a-con\">\r\n                            <p><img src=\"https://himg2.huanqiucdn.cn/attachment2010/2020/0719/20200719073017209.jpg\"></p><p>　　7月18日，随着重庆市万州区五桥镇内涝洪水逐步消退，多处受灾区域被大量淤泥和垃圾堵塞，部分低洼地段积水，人民群众的财物有较大受损。武警重庆总队执勤第三支队当天自13时30分起出动60名兵力，并配属船艇支队60名兵力，共计120名兵力携带清淤作业器材，再度驰援万州区五桥镇执行抢险救援后续清淤任务，帮助受灾群众转移物资。图为武警官兵对受灾区域垃圾进行集中清理。 邹毅 摄\r\n\r\n</p><p><img src=\"https://himg2.huanqiucdn.cn/attachment2010/2020/0719/20200719073017529.jpg\"></p><p>　　现场，武警官兵利用铁锹、锄头、扫把、推车、竹筐等清淤作业工具，争分夺秒地对责任区内淤泥、积水、垃圾进行彻底清扫处理。同时，武警官兵还安排军医和卫生员对受灾群众进行免费医疗巡诊，发放医疗卫生药品，对受灾区域进行喷洒消毒，尽全力做好各项保障工作，防止发生灾后疫情。截至18时，众人已完成超过600米的主要道路清淤工作，清理房屋200余间，清理淤泥杂物和转运物资60余吨。图为武警官兵利用高压水枪对淤泥展开集中清理。 邹毅 摄\r\n\r\n</p><p><img src=\"https://himg2.huanqiucdn.cn/attachment2010/2020/0719/20200719073018898.jpg\"></p><p>图为武警官兵利用铁锹清理街道淤泥。 邹毅 摄\r\n\r\n</p><p><img src=\"https://himg2.huanqiucdn.cn/attachment2010/2020/0719/20200719073018235.jpg\"></p><p>图为武警官兵正展开对道路路面的清理工作。 李东 摄\r\n\r\n</p><p><img src=\"https://himg2.huanqiucdn.cn/attachment2010/2020/0719/20200719073018404.jpg\"></p><p>图为武警官兵合力清理道路杂物。 潘越 摄\r\n\r\n</p><p><img src=\"https://himg2.huanqiucdn.cn/attachment2010/2020/0719/20200719073018508.jpg\"></p><p>图为武警官兵正在居民区内开展清淤作业。 邹毅 摄\r\n\r\n</p><p><img src=\"https://himg2.huanqiucdn.cn/attachment2010/2020/0719/20200719073018821.jpg\"></p><p>图为武警官兵正在清理道路淤泥。 邹毅 摄\r\n\r\n</p><p><img src=\"https://himg2.huanqiucdn.cn/attachment2010/2020/0719/20200719073019447.jpg\"></p><p>图为卫生队军医组织开展免费巡诊。 李东 摄\r\n\r\n</p><p><img src=\"https://himg2.huanqiucdn.cn/attachment2010/2020/0719/20200719073019843.jpg\"></p><p>图为任务完成后，驻地群众在雨中送别武警官兵。 李东 摄\r\n</p><p></p>\r\n            \r\n        </div>','2020-07-18',2);
insert  into `news`(`id`,`name`,`value`,`date`,`users_id`) values (59,'重要时刻的重磅会议！习近平全方位部署防汛救灾工作','<div class=\"article-body\">\r\n                            <!--content-->\r\n									<p>　　【编前语】当前，全国防汛进入“七下八上”阶段，长江流域中上游地区降雨仍然偏多，黄河中上游、海河、松花江、淮河流域可能发生较重汛情。7月17日，习近平总书记主持中共中央政治局常务委员会会议，研究部署防汛救灾工作。新华社《学习进行时》为您梳理这次会议的重要内容。</p>\r\n<p>　　<strong>习近平总书记主持会议并发表重要讲话</strong></p>\r\n<p>　　<strong>●总结近期防汛救灾工作：有序有力推进，取得了积极成效</strong></p>\r\n<p>　　6月份以来，在党中央坚强领导下，各级党委和政府紧急行动、强化措施，国家防总、各有关部门和单位履职尽责、密切协作，人民解放军和武警部队关键时刻发挥突击队作用，广大干部群众团结奋战，防洪救灾体系发挥重要作用，防汛救灾工作有序有力推进，取得了积极成效。</p>\r\n<p>　　<strong>●强调防汛救灾工作的极端重要性：关系五个“安全”</strong></p>\r\n<p>　　——防汛救灾关系人民生命财产安全，关系粮食安全、经济安全、社会安全、国家安全。</p>\r\n<p>　　——今年是决胜全面建成小康社会、决战脱贫攻坚之年，也是“十三五”规划收官之年，做好防汛救灾工作十分重要。</p>\r\n<p>　　<strong>●提出防汛救灾工作的重要要求：“放在第一位”</strong></p>\r\n<p>　　各有关地区、部门和单位要始终把保障人民生命财产安全放在第一位，采取更加有力措施，切实做好防汛救灾各项工作。</p>\r\n<p>　　<strong>●分析当前全国防汛形势：一些流域可能发生较重汛情</strong></p>\r\n<p>　　当前，全国防汛进入“七下八上”阶段，长江流域中上游地区降雨仍然偏多，黄河中上游、海河、松花江、淮河流域可能发生较重汛情。</p>\r\n<p>　　<strong>●部署防汛救灾重点工作：抓实抓细各项措施</strong></p>\r\n<p>　　——必须统筹抓好南北方江河安全度汛，加强组织领导和责任落实，坚持预防预备和应急处突相结合，加强统筹协调，强化协同配合，抓实抓细防汛救灾各项措施。</p>\r\n<p>　　——各有关地区都要做好预案准备、队伍准备、物资准备、蓄滞洪区运用准备，宁可备而不用，不可用时无备。</p>\r\n<p>　　<strong>会议强调</strong></p>\r\n<p>　　<strong>●党中央高度重视今年的防汛救灾工作</strong></p>\r\n<p>　　◆5月19日，习近平总书记在主持中央政治局常委会会议研究有关工作时，要求有关方面高度重视今年汛期长江中下游汛情，压实防汛工作责任，克服疫情影响，抢抓水利工程修复，加强物资储备，组织开展抢险培训和演习，全力保障人民生命财产安全。</p>\r\n<p>　　◆习近平总书记还多次作出重要指示批示，要求各地区和有关部门坚持人民至上、生命至上，统筹做好疫情防控和防汛救灾工作；要求各级党委和政府压实责任，勇于担当，采取更加有力有效的措施，全力抢险救援，尽最大努力保障人民生命财产安全。</p>\r\n<p>　　<strong>●对各级党委和政府、党员领导干部提出要求</strong></p>\r\n<p>　　——要全面落实防汛救灾主体责任，加强领导，守土尽责，切实把保障人民生命财产安全放到第一位。</p>\r\n<p>　　——要发挥防灾减灾救灾体制改革优势，各有关方面要加强统筹协调，发挥各自专业优势，形成省市间、部门间、军地间、上下游、左右岸通力协作的防汛救灾格局。</p>\r\n<p>　　——要把责任落到防汛救灾全过程、各层级，到岗到人，落实汛期工程巡查防守责任制。</p>\r\n<p>　　——要深入一线、靠前指挥、现场督查，在防汛救灾第一线体现责任担当，组织广大干部群众众志成城、顽强奋斗。</p>\r\n<p>　　——各级党委和政府要担负起促一方发展、保一方平安的政治责任，基层党组织和广大党员、干部要充分发挥战斗堡垒作用和先锋模范作用，主动担当、敢打头阵，紧紧依靠人民群众，把党的政治优势、组织优势、密切联系群众优势转化为防汛救灾的强大政治优势，让党旗在防汛救灾第一线高高飘扬。</p>\r\n<p>　　<strong>●部署重点防范工作</strong></p>\r\n<p>　　——要精准预警严密防范，及时准确对雨情、水情等气象数据进行滚动预报，加强对次生灾害预报，特别要提高局部强降雨、台风、山洪、泥石流等预测预报水平，预警信息发布要到村到户到人。</p>\r\n<p>　　——要强化重要堤防、重要设施防护，科学调度水利工程，加强巡堤查险，发现险情及时抢护，确保重要基础设施安全。要全力抢险救援救灾，对各类抢险救援力量，要统一调度、提前预置、快速出动、高效救援，努力将各类损失降到最低。</p>\r\n<p>　　——要统筹做好疫情防控和抢险救灾工作，严格落实各项防控措施，避免疫情出现反弹。</p>\r\n<p>　　<strong>●部署灾后恢复工作</strong></p>\r\n<p>　　——要精心谋划灾后恢复重建，及时下拨救灾资金，调运救灾物资，尽快恢复灾区生产生活秩序，及时抢修水电、交通、通信等基础设施，组织带领受灾群众恢复生产、重建家园。</p>\r\n<p>　　——要支持受灾的各类生产企业复工复产，统筹灾后恢复重建和脱贫攻坚工作，对贫困地区和受灾困难群众给予支持，防止因灾致贫返贫。</p>\r\n<p>　　<strong>●部署全面提高灾害防御能力</strong></p>\r\n<p>　　要全面提高灾害防御能力，坚持以防为主、防抗救相结合，把重大工程建设、重要基础设施补短板、城市内涝治理、加强防灾备灾体系和能力建设等纳入“十四五”规划中统筹考虑。</p>\r\n									<!--/content-->\r\n                        </div>','2020-07-18',2);
insert  into `news`(`id`,`name`,`value`,`date`,`users_id`) values (64,'aa','<p>aa请添加你的新闻内容\r\n\r\n\r\n &nbsp; &nbsp; &nbsp; &nbsp; &nbsp; &nbsp; &nbsp; &nbsp; &nbsp; &nbsp;</p>','2020-07-20',2);

/*Table structure for table `users` */

CREATE TABLE `users` (
  `id` int(11) NOT NULL AUTO_INCREMENT,
  `login_name` varchar(16) NOT NULL,
  `login_password` varchar(50) NOT NULL,
  PRIMARY KEY (`id`)
) ENGINE=InnoDB AUTO_INCREMENT=75 DEFAULT CHARSET=utf8;

/*Data for the table `users` */

insert  into `users`(`id`,`login_name`,`login_password`) values (1,'admin','202CB962AC59075B964B07152D234B70');
insert  into `users`(`id`,`login_name`,`login_password`) values (2,'lpx','202CB962AC59075B964B07152D234B70');
insert  into `users`(`id`,`login_name`,`login_password`) values (58,'chino','E10ADC3949BA59ABBE56E057F20F883E');
insert  into `users`(`id`,`login_name`,`login_password`) values (62,'test','E6CEF62608771E375FCF21E6902009C7');
insert  into `users`(`id`,`login_name`,`login_password`) values (66,'1','C4CA4238A0B923820DCC509A6F75849B');
insert  into `users`(`id`,`login_name`,`login_password`) values (67,'2','C81E728D9D4C2F636F067F89CC14862C');
insert  into `users`(`id`,`login_name`,`login_password`) values (68,'3','ECCBC87E4B5CE2FE28308FD9F2A7BAF3');
insert  into `users`(`id`,`login_name`,`login_password`) values (69,'4','A87FF679A2F3E71D9181A67B7542122C');
insert  into `users`(`id`,`login_name`,`login_password`) values (70,'5','E4DA3B7FBBCE2345D7772B0674A318D5');
insert  into `users`(`id`,`login_name`,`login_password`) values (71,'6','1679091C5A880FAF6FB5E6087EB1B2DC');
insert  into `users`(`id`,`login_name`,`login_password`) values (74,'test123456','202CB962AC59075B964B07152D234B70');

/*Table structure for table `works` */

CREATE TABLE `works` (
  `id` int(11) NOT NULL AUTO_INCREMENT,
  `name` varchar(36) NOT NULL,
  `image` varchar(36) NOT NULL,
  `value` text NOT NULL,
  `date` date NOT NULL,
  `users_id` int(11) NOT NULL,
  `hide` int(1) DEFAULT NULL,
  PRIMARY KEY (`id`),
  KEY `cc_works_work_member` (`users_id`),
  CONSTRAINT `cc_works_work_member` FOREIGN KEY (`users_id`) REFERENCES `users` (`id`)
) ENGINE=InnoDB AUTO_INCREMENT=40 DEFAULT CHARSET=utf8;

/*Data for the table `works` */

insert  into `works`(`id`,`name`,`image`,`value`,`date`,`users_id`,`hide`) values (12,'员工考勤管理系统','/img/work/1508651389912.png','<p>请添加你的展示内容</p>','2017-10-22',1,NULL);
insert  into `works`(`id`,`name`,`image`,`value`,`date`,`users_id`,`hide`) values (13,'OA协同办公系统','/img/work/1508651429646.png','<p>请添加你的展示内容</p>','2017-10-22',1,NULL);
insert  into `works`(`id`,`name`,`image`,`value`,`date`,`users_id`,`hide`) values (14,'FMIS财务系统','/img/work/1508651444396.png','<p>请添加你的展示内容</p>','2017-10-22',1,NULL);
insert  into `works`(`id`,`name`,`image`,`value`,`date`,`users_id`,`hide`) values (15,'安全生产管理系统','/img/work/1508651517552.png','<p>请添加你的展示内容</p>','2017-10-22',1,NULL);
insert  into `works`(`id`,`name`,`image`,`value`,`date`,`users_id`,`hide`) values (35,'Test1','/img/work/1595143412085.gif','<p>逮虾户</p>','2020-07-19',2,NULL);
insert  into `works`(`id`,`name`,`image`,`value`,`date`,`users_id`,`hide`) values (36,'Test2','/img/work/1595143885570.gif','<p>逮虾户</p>','2020-07-19',2,NULL);
insert  into `works`(`id`,`name`,`image`,`value`,`date`,`users_id`,`hide`) values (39,'aa','/img/work/1595212515086.jpg','<p>请添加你的展示内容\r\n\r\n\r\n\r\n\r\n\r\n\r\n\r\n\r\n\r\n &nbsp; &nbsp; &nbsp; &nbsp; &nbsp; &nbsp; &nbsp; &nbsp; &nbsp; &nbsp;</p>','2020-07-20',2,NULL);

/*!40101 SET SQL_MODE=@OLD_SQL_MODE */;
/*!40014 SET UNIQUE_CHECKS=@OLD_UNIQUE_CHECKS */;
/*!40111 SET SQL_NOTES=@OLD_SQL_NOTES */;
